,extra_embryonic,early_NNE,NNE,early_NPB,early_aNPB,early_pNPB,early_neural,early_neural_plate,early_caudal_neural,streak,node,evidence
ADMP,0,0,0,0,0,0,0,0,0,0,1,Joubin and Stern
ASTL,0,0,1,0,0,1,0,0,0,0,0,Williams
BMP4,1,1,1,1,1,1,0,0,0,0,0,Joubin and Stern
CDX2,0,0,0,0,0,0,0,0,1,0,0,
CHRD,0,0,0,0,0,0,0,0,0,0,1,Chapman et al. 2002 - Dev Biol
CNOT1,0,0,0,0,0,0,0,0,0,0,1,
DLX5,0,1,1,1,1,1,0,0,0,0,0,
DLX6,0,1,1,1,1,1,0,0,0,0,0,
EOMES,0,0,0,0,0,0,0,0,0,1,1,
EPAS1,0,0,1,0,0,0,0,0,0,0,0,
EPCAM,0,0,0,0,0,0,1,0,0,0,0,
ERN1,0,0,0,1,1,1,1,0,0,0,0,Streit
FGF8,0,0,0,0,0,0,0,0,0,1,1,Streit et al. 1999
FOXA2,0,0,0,0,0,0,0,0,0,0,1,
FRZB,0,0,0,1,1,1,1,1,0,0,0,Chapman et al. 2004 - Dev Dyn
GATA2,1,1,1,0,0,0,0,0,0,0,0,
GATA3,1,1,1,0,0,0,0,0,0,0,0,
GBX2,0,0,0,0,0,1,0,0,1,0,0,
GNOT2,0,0,0,0,0,0,0,0,0,0,1,
GRHL3,1,0,0,0,0,0,0,0,0,0,0,
GSC,0,0,0,0,0,0,0,0,0,1,0,
HOXB1,0,0,0,0,0,0,0,0,1,0,0,
MAFA,0,0,0,0,0,0,1,0,0,0,0,
MSX1,0,1,0,0,0,1,0,0,0,0,0,
OTX2,0,0,0,0,1,0,1,1,0,0,0,Chapman et al. 2002 - Dev Biol
PAX7,0,0,0,0,0,1,0,0,0,0,0,
PRDM1,0,0,0,1,1,1,0,0,0,0,0,
SHH,0,0,0,0,0,0,0,0,0,0,1,
SIX3,0,0,0,0,1,0,0,0,0,0,0,
SOX11,0,0,0,0,0,0,1,0,0,0,0,
SOX2,0,0,0,1,1,1,1,1,1,0,0,Huang et al. 2010; Trevers et al. 2021 - bioRxiv
SOX21,0,0,0,1,1,1,0,1,1,0,0,
SOX3,0,0,0,1,1,1,1,1,1,0,0,Streit et al. 1999; Trevers et al. 2021 - bioRxiv
SP5,0,0,0,0,0,1,0,0,1,0,0,
TBX6,0,0,0,0,0,0,0,0,0,1,0,
TBXT,0,0,0,0,0,0,0,0,0,1,0,
TFAP2A,1,1,1,1,1,1,0,0,0,0,0,
TFAP2C,0,1,1,1,1,1,0,0,0,0,0,
VGLL1,1,0,0,0,0,0,0,0,0,0,0,
YEATS4,0,0,0,0,0,0,1,0,0,0,0,