,ventral_floorplate,forebrain,midbrain,hindbrain,NC,delaminating_NC
ENSGALG00000030902,0,0,0,0,1,0
ETS1,0,0,0,0,1,1
FGF8,0,0,1,0,0,0
FOXA2,1,0,0,0,0,0
FOXD3,0,0,0,0,1,1
FRZB,0,1,1,1,0,0
GBX2,0,0,0,1,0,0
GLI2,0,1,1,1,0,0
HESX1,0,1,0,0,0,0
HOXA2,0,0,0,1,0,0
HOXA3,0,0,0,1,0,0
HOXB2,0,0,0,1,0,0
KROX20,0,0,0,1,0,0
LMO1,0,1,1,1,0,0
LMO4,0,0,0,0,0,1
MSX1,0,0,0,0,1,0
MSX2,0,0,0,0,1,0
MYC,0,1,0,0,0,0
NKX2-2,1,0,0,0,0,0
OTX2,0,1,1,0,0,0
PAX2,0,0,1,0,0,0
PAX6,0,1,0,0,0,0
PAX7,0,0,0,0,1,0
SHH,1,0,0,0,0,0
SHISA2,0,1,0,0,0,0
SIX3,0,1,0,0,0,0
SOX10,0,0,0,0,0,1
SOX2,0,1,1,1,0,0
SOX21,0,1,1,1,0,0
SOX8,0,0,0,0,0,1
TFAP2A,0,0,0,0,1,0
TFAP2B,0,0,0,0,1,0
WNT1,0,0,1,0,0,0
WNT4,0,0,1,0,0,0
ZEB2,0,1,1,1,0,0
ZIC1,0,1,0,0,0,0
