,prospective_epidermis,NPB,aNPB,pNPB,PPR,aPPR,pPPR,neural_progenitors,a_neural_progenitors,p_neural_progenitors,early_forebrain,early_midbrain,early_hindbrain,evidence
DLX3,0,0,0,0,1,1,1,0,0,0,0,0,0,Hintze et al. 2017; Chen et al. 2017
DLX5,0,1,1,1,1,1,1,0,0,0,0,0,0,Hintze et al. 2017; Chen et al. 2017
DLX6,0,1,1,1,1,1,1,0,0,0,0,0,0,Hintze et al. 2017
EPAS1,1,0,0,0,0,0,0,0,0,0,0,0,0,Ota et al. 2007
EYA2,0,1,1,1,1,1,1,0,0,0,0,0,0,
FGF8,0,0,0,0,0,0,0,0,0,0,0,1,0,
FRZB,0,1,1,1,0,0,0,1,1,1,1,1,1,Ladher et al. 2000 - Dev Biol; Chapman et al. 2004 - Dev Dyn
GATA2,1,0,0,0,0,0,0,0,0,0,0,0,0,
GATA3,1,0,0,0,0,0,0,0,0,0,0,0,0,
GBX2,0,0,0,1,0,0,1,0,0,1,0,0,1,
GRHL3,1,0,0,0,0,0,0,0,0,0,0,0,0,
HESX1,0,0,0,0,0,0,0,0,1,0,1,0,0,
HOXA2,0,0,0,0,0,0,0,0,0,0,0,0,1,
HOXA3,0,0,0,0,0,0,0,0,0,0,0,0,1,
HOXB2,0,0,0,0,0,0,0,0,0,0,0,0,1,
KROX20,0,0,0,0,0,0,0,0,0,0,0,0,1,
LMO1,0,0,0,0,0,0,0,1,1,1,1,1,1,
MSX1,0,0,0,1,0,0,0,0,0,0,0,0,0,
MSX2,1,1,1,1,0,0,0,0,0,0,0,0,0,
MYC,0,1,1,0,0,0,0,0,0,0,0,0,0,
OTX2,0,0,1,0,0,1,0,0,1,0,1,1,0,
PAX2,0,0,0,0,0,0,1,0,0,0,0,1,0,
PAX6,0,0,1,0,0,1,0,0,0,0,0,0,0,
PAX7,0,0,0,1,0,0,0,0,0,0,0,0,0,
PRDM1,0,1,1,1,1,0,0,0,0,0,0,0,0,
SHISA2,0,0,0,0,0,0,0,0,0,0,1,0,0,
SFRP2,0,1,1,1,0,0,0,1,1,1,1,1,1,Ladher et al. 2000 - Dev Biol; Chapman et al. 2004 - Dev Dyn
SIX1,0,1,1,1,1,1,1,0,0,0,0,0,0,
SIX3,0,0,1,0,0,1,0,0,1,0,1,0,0,
SOX1,0,0,0,0,0,0,0,1,0,0,1,1,1,
SOX2,0,1,1,1,0,0,0,1,1,1,1,1,1,
SOX21,0,1,1,1,0,0,0,1,1,1,1,1,1,
SOX3,0,1,1,1,0,0,0,1,1,1,1,1,1,
SOX8,0,0,0,0,0,0,1,0,0,0,0,0,0,
TFAP2A,0,1,1,1,1,0,0,0,0,0,0,0,0,
TFAP2B,0,1,1,1,0,0,0,0,0,0,0,0,0,
TFAP2C,0,1,1,1,0,0,0,0,0,0,0,0,0,
WNT1,0,0,0,0,0,0,0,0,0,0,0,1,0,
WNT4,0,0,0,0,0,0,0,0,0,0,0,1,0,
WNT8A,0,0,0,0,0,0,0,0,0,0,0,0,1,
ZEB2,0,0,0,0,0,0,0,1,1,1,1,1,1,
ZIC1,0,1,1,1,0,0,0,0,0,0,0,0,0,